Actual,Predicted
190,175.61410237329272
200,184.66621635545584
195,193.7183303376189
185,191.64035399040608
175,185.85234753340126
165,169.3482399428225
